"employeeID";"employeeName";"employeeAddress";"employeePosition"
1000;"Tom Jones";"123 Cherry Street";1
1001;"Arnold Palmer";"12 Berry Street";2
1002;"Susan Caroline";"21 Jump Street";4
1003;"Joe Johnson";"34 Oak Avenue";2
1004;"Alex Darby";"14 Apple Lane";3
1005;"Antonio Banderras";"24 Clover Street";4
1006;"Dillon Cole";"28 Mandella Lane";1
1007;"Bob Dylan";"1433 Bridgeton Street";2
1008;"Stacy Jackson";"12 Oak Parkway";3
1009;"Albert Jones";"67 Orange Lane";2
1010;"Jeff Filmer";"10 Palm Spring Street";2
1011;"Rob Lowe";"6 Battery Street";3
1012;"Jessie Johnson";"123 Apple Street";4
1013;"Ari Cole";"1772 Chesterfield Parkway";1
1014;"Harry Potter";"Hogwarts";4
1015;"Chester Joseph";"24 Brown Road";3
1016;"John Jacobs";"12 Lemon Lane";2
1017;"Devin Stephenson";"23 Charlie Road";2
1018;"Ian Domingo";"5532 Appleton Avenue";4
1019;"Ron Derrick";"1233 Alley Road";2
1020;"Tony Appollo";"54 Chester Street";3
1021;"Bill Gates";"76 Old Town Street";3
1022;"Timmy Thompson";"34 Tree Road";2
1023;"Harrison Barnes";"11 Water Lane";2
1024;"Bridgit Brookes";"22 Park Road";2
1025;"John Stokes";"14 Ark Street";4
1026;"Lydia Carson";"55 Downtown Street";3
1027;"Landon Jacobs";"68 Wood Road";3
1028;"Charlie Puth";"88 Baseball Street";3
1029;"Carlie Jones";"1435 Cherry Street";1
1030;"Peter Bonello";"1745 Briarwood Lane";1
1031;"Patrick Davidson";"123 Color Road";2
1032;"Derrick Appleton";"1543 Breeze Way";3
1033;"Donovan Jones";"43 Chester Street";1
1034;"Bailey Gordon";"2343 Oakley Road";2
1035;"Lamont Jackson";"65 Fortitude Avenue";3
1036;"Brad Paisley";"12 Dynamite Road";3
1037;"Tyler Carlson";"123 Dragon Street";4
1038;"Peggy Thompson";"15 Parkway Street";2
1039;"Billy Stevenson";"34 Love Street";4
1040;"Mike Brown";"65 Cherry Street";3
1041;"Shawn Spiel";"77 Bowling Street";3
1042;"Leah Tony";"23 Oakley Avenue";2
1043;"Allie Brooklyn";"54 America Blvd";3
1044;"LeShawnda Brown";"1433 Street Street";3
1045;"Bob James";"1722 Orangutan Alley";2
1046;"Steve Bo";"5688 Box Lane";4
1047;"Abby Appleton";"65 Brooke Alley";2
1048;"Tommy Lee";"4346 Rockhill Street";1
1049;"Bill Preston";"7899 Oaktown Parkway";2
1050;"Timothy Brackton";"32 Apple Street";1
1051;"Charlene Meyers";"7888 Bridge Street";2
1052;"Noah Vanderbolt";"278 West Drive";3
1053;"Alvin Timothy";"1508 Marion Drive";4
1054;"Oakley Jones";"1187 Augusta Park";3
1055;"Thomas Packer";"2353 Stonecoal Road";2
1056;"Macey Peterson";"3244 Crestview Manor";1
1057;"Tammy Lo";"2431 Elk Creek Road";2
1058;"Tony Gonzolas";"234 Orphan Road";4
1059;"Chester Sea";"2423 Langtown Road";2
1060;"Bob Barker";"881 Point Street";1
1061;"Jim Thompson";"3423 Ben Street";1
1062;"Sally Brookes";"6232 Stoney Road";4
1063;"Chrystal Beth";"3452 Fairfield Road";2
1064;"Sharon Baker";"4877 John Avenue";2
1065;"Jeremy Johnson";"3424 Eagle Drive";3
1066;"Theresa Enzyme";"24 Rogers Street";3
1067;"Hermoine Granger";"2343 Reynolds Drive";4
1068;"Emelia Parker";"34 Felosa Lane";3
1069;"Jordan Jones";"2342 Foley Drive";2
1070;"Michael Dubai";"3453 Pacific Avenue";3
1071;"Carl Junior";"1232 Golden Street";1
1072;"Dominic Dee";"1876 Tully Street";4
1073;"Norman Reeds";"3433 Walkers Ridge Way";2
1074;"Luther Preston";"3422 Horseshoe Lane";4
1075;"Nathan Fielder";"3242 Jarvis Street";3
1076;"Alvin Kamara";"2342 Tetrik Road";3
1077;"Chelsea Stroben";"1344 Butternut Lane";1
1078;"Jenna Baker";"33 Irish Lane";2
1079;"Peter Parker";"2333 Hillcrest Lane";2
1080;"Derrick Arkleson";"2657 Sundown Lane";4
1081;"Fendrick Lamar";"2223 Arlington Avenue";3
1082;"Milly Monroe";"8643 Hannah Street";2
1083;"Malcome Brogdon";"4511 Linda Street";2
1084;"Joseph Jeans";"2344 Stutler Lane";4
1085;"Randy Jackson";"3270 Bottom Lane";3
1086;"Lindsey Pates";"5444 Spring Lane";2
1087;"Mark Antonio";"4774 Mesa Drive";3
1088;"Allie Deal";"9877 East Avenue";2
1089;"Tim Ansel";"4322 Goodwin Avenue";2
1090;"John Johnson";"2024 Stratford Drive";4
1091;"Devin Domino";"2332 Cambridge Drive";3
